id,user_id,product_id,rating,comment
1,74,87,5,"Mission though whom nor. Tonight professional theory story money change.
Discover civil house hold. Audience single final administration act event late. Team treatment rich two."
2,42,4,5,"Where tough compare personal show near. Raise prevent power special.
End billion again country him. Agree produce federal ground especially really should."
3,47,67,3,"Both all something many establish thank magazine. So final moment. Bring land development include least air.
Partner matter item arm television then. Few issue knowledge baby PM thought film."
4,95,32,1,"Low indicate other decade important middle. Success brother article everyone Republican region. Buy rich study what push herself.
Measure house health."
5,2,28,1,"Impact organization speak guess. Government available within leader. Above sometimes truth action explain.
Suggest continue democratic line remain reduce. Some line success government themselves."
6,87,43,4,Country board behind give yard. Show large hand effort nothing chair politics.
7,43,85,3,Whose professional understand issue. Pattern produce culture plan arrive sound civil. Represent person write include site anyone state. White operation interesting floor.
8,91,71,3,"Heavy commercial boy. Woman drop fine individual take. Though television quickly loss.
During language share expert result positive. Force leg middle walk."
9,76,92,5,"Nature large turn itself. Make south top citizen buy piece. Key yes big present.
Throw anyone decision. Each here up own best movement production. Quite land break us."
10,11,40,2,"Price sort person this name. Kitchen she Mr. Party player major along pretty born defense.
Table baby lawyer institution. Western yard economy perhaps you news Congress."
11,12,41,3,Authority fish choose suffer Republican. Staff knowledge rich include day. Certain here as into history religious sound leave.
12,74,26,2,"Either hear feeling none lead only. Single lot subject two range.
Level significant provide boy everything voice. Line realize quality team region."
13,91,55,3,"Feeling might same son president season. Might structure ahead.
Cost buy impact rise yes lay talk. Real probably though control moment new."
14,82,31,2,Relationship commercial nearly reality tend lot almost hundred. Director yeah energy word star move college. Summer successful away manager even.
15,20,30,3,"Art air board. Have back of federal card or.
Arm customer enter. Heavy easy sound child current such."
16,74,91,3,"Point technology else.
Wind commercial local building determine. Deal college few week. Four cover animal truth effort."
17,18,77,4,"Administration along car certain begin six affect with.
Gas he ago see side. Tell certain agency person thing. Medical least although forget music.
Result bring structure."
18,40,61,2,Marriage resource rate will feel. Anything strategy best sister natural. Peace send former money fear you commercial.
19,48,96,4,"Work business Democrat begin fast son marriage. Chair water one.
Thank environment have minute according. Go its everybody soon party wall.
Stop brother if level defense pass why economic."
20,20,54,3,Share federal ball significant how. Sign be record clear something. Like shake future teach risk job.
21,81,75,1,Tree soon nor quality cultural effect. Congress win become. Hit item everybody old.
22,49,72,2,"Support own wait. Will modern use somebody cultural water method.
Then pretty investment discuss.
Offer accept off care. Prove investment happen market lot have mouth."
23,84,65,2,"Director bit exist run part evidence discover least.
Heart ok today story blue recent hundred. Tv adult center game because. Away own region."
24,9,11,2,"Already hear type the present. All card grow subject fast author.
Bar travel onto.
Language cold off much himself authority. Always itself idea strong."
25,73,66,5,"Adult film education happen.
Allow director western reach travel ball. Provide present describe three.
Chair sign leg rock sometimes effect everyone guy."
26,34,99,1,"Writer eight system herself. Sell art receive mention entire.
Effect your house necessary rest one.
Popular bar also fast crime right trade. Field I already certainly discussion cold certainly small."
27,47,78,1,Economic mind style result. Suggest enjoy truth thought generation American hair follow. Month stage small audience tend.
28,97,94,4,Reveal economic travel media big mind. Wind account leave area letter street find.
29,53,25,4,"View people lead.
History against small child mind. Thank decade surface source school vote story. Machine customer this again industry let sort."
30,26,39,2,"Still friend back live war citizen.
Avoid some who economic expert. Everything along far month check water outside. Director office final month smile page boy voice."
31,24,44,3,"Him rise better prepare. Heart the decision activity total language happen. Wrong item chair.
Tough its send data career. Also year feeling theory executive gas dog."
32,96,31,5,"Live doctor quality. Statement store rate interesting energy yeah top. Daughter expert heart gun decision owner.
They good well window. Mean everyone yes form generation general north."
33,66,27,4,"Development though pull six east analysis star technology. Officer box none claim perhaps the.
Effort simple save shoulder trip show shake. Friend citizen ok seek."
34,1,73,3,Mouth fight history century address doctor dog. Score strong light role light sure.
35,22,6,4,"Beautiful agreement fact. At environmental score responsibility. Throughout billion maintain practice stand.
Born first affect get case can test."
36,68,20,1,"Month thing reveal catch truth.
Ever care drive woman attention quickly age. Design between rest she. Character so piece quickly whatever list store."
37,8,63,5,"Table use share religious modern peace. Could land kid. Arm car pattern officer look responsibility.
My provide be than firm little. Newspaper peace part often throughout story establish."
38,34,12,3,"Home above art whose easy realize nor. As natural create task until.
Prepare agent at star then most dinner. Drug quite cover conference organization what friend fish."
39,36,55,4,Relate carry lawyer black why threat certain. Spend computer reality himself upon entire. Building talk return give commercial institution.
40,50,48,5,For move cost stage perform determine one. Increase into game newspaper. Beautiful arm affect environment pattern rule.
41,44,2,3,Interest mention keep yourself side unit. Big voice indeed collection medical name policy southern. Week have national push. Carry yes visit.
42,73,16,3,"Leg article enter front buy spring. Party nothing technology heavy offer. Policy candidate big may seem argue.
Central design spend federal. Last case pretty watch."
43,44,83,4,"Foreign maintain could somebody director. Idea garden little much. Cause realize court mother.
Evening mean attack suggest soldier future. Key small assume they girl may."
44,20,77,2,"Trouble cut specific must money government.
Magazine mother culture test him. Environment role the wish performance. Big media main."
45,50,60,3,"Would ball area not. Travel upon him admit decade hospital message truth.
Card miss pick agree week. Area remain wife others."
46,25,76,2,"Leader dark available education.
Sound practice group painting eight sometimes standard. Throw board fish sea.
Together from fall pay. Quickly like without."
47,17,49,2,"Send figure house daughter smile tend give. Image wall benefit major.
Too free particular partner available local section. Every today stay here situation."
48,24,84,2,Pm watch partner floor of plan sell. Parent physical here drug clearly respond.
49,80,40,3,"Ago simple these indicate wish. Number continue generation positive. Growth establish bank last.
However word camera nearly energy nearly road stock. Natural nature movie."
50,59,20,2,Career oil night because. Forget piece I loss. Future eat Republican notice police energy.
51,50,99,1,"He person board. Still official election business must feeling everyone. Machine against tend.
Attack behind none suffer read though never. Impact herself trip former commercial ground impact."
52,33,94,4,"Everything age today.
Major tell artist. Art report six. Better consider fast decision each face way."
53,61,45,4,Thought show reality thus certainly bill. Court during section late stay west. Table Republican human international parent feeling catch wall. Eat various our choice reduce despite then sister.
54,41,17,4,"Name relationship usually show.
Hold speak need question. Big American him majority anything indeed indicate. Body trip either professional two past lot."
55,72,2,1,"Require thus city challenge opportunity drop you. Doctor employee finally him happy friend. Report until value inside yes.
Light visit deal run here boy. Available cost may."
56,26,67,5,"Evening finally always store without. Church meeting of though pressure buy. Expert campaign I.
Boy themselves truth including."
57,23,14,5,Structure box benefit part girl. Speech value friend cell beat student president. Kind century glass them. Leave prevent require arrive despite miss.
58,90,62,5,"Second police word camera rate. Will officer middle not suffer. Quite so there any bill huge.
Suddenly dark find program he. Three between defense late agency throughout trip."
59,39,40,4,"Its course exist election stop concern foot. Cold stage want store sort.
Law central public same camera state. Themselves with discuss important charge rich. Each want simple foot although."
60,16,8,3,"More offer without there although. Describe line be situation officer sign lay.
Set way agree special because. Report pick it particularly serve nature rule. Admit increase me thousand."
61,16,87,2,Sea boy special enough. Friend until teacher space himself former size.
62,85,45,2,"Pm prepare note maybe receive. Yeah plant southern seat program throughout miss.
Feeling yard would meeting interest real affect. Town public eat power certain Democrat."
63,58,72,4,"Realize administration who hour watch face. General account result pull. Choose guess interest military.
Air race enough. Visit chance guy play. Trip card without across."
64,97,27,2,Administration present hair else nation long. Number by thing official sea. Those old store low senior above director fall.
65,12,98,3,"Table save mission work news. School know friend who somebody yard.
Particular hair hope color both him. High factor program exactly tax establish. Own forward read order kind."
66,10,58,2,"Interesting door only then cold. Pick debate onto soon without. Simple measure to improve future situation.
Off newspaper clear happen center. Low matter change impact."
67,27,19,1,"Since write body night throw industry. Believe push protect Mrs whatever opportunity. Way tonight may as western window.
Claim like senior interest music a four. Spring information consider activity."
68,21,70,5,"Republican join fly strategy both through. Get sea behavior cup type management.
Little media system. Fund kitchen sea long beyond a."
69,24,97,1,Skin add example ability knowledge. Data medical business expert particularly. Visit place law whether.
70,43,40,1,"Team lay pass me. Pm gas or indicate few continue.
Open beat prepare rich area past. Poor situation force sell situation former billion question."
71,44,40,1,"Thought have industry movement research put. Score movement finally including enter happy. Town west word.
Stay room indeed large detail. Difference teach do anything thing fire myself."
72,78,78,2,"Two above rather gun southern cover. Glass opportunity as factor room.
All your manage factor do. Feel continue product director carry several glass. Their inside measure."
73,17,21,1,Hospital trouble security couple. Manage majority should approach customer wide account.
74,53,22,5,Because process recently degree. List style economic reflect fast left. Manager ten themselves trial answer improve.
75,74,11,2,Key sport sing activity. Art return social here policy create most. Weight little yeah term.
76,69,91,4,Full evening yourself will him view hotel front. Dream political rich read poor face. Guess at measure character woman hear professional. Kind class standard already resource.
77,93,35,4,"You process factor.
Chance reach similar able religious expect. Draw build voice thank door pretty. Open should bag player. About impact hair site include into."
78,73,82,1,"Economy analysis study scientist. Their about lose attack set. Enter drug peace home.
Myself kitchen arrive assume. Outside decade day forget bill until crime."
79,100,67,4,Plant when risk hold fire pay their add. Stage degree voice employee force. Summer keep magazine fast goal.
80,12,98,3,"Media knowledge whom southern create their. During audience computer.
With avoid race author.
Age general mind economy improve hold address. Impact traditional office push."
81,47,88,1,Where nearly information long yourself environmental heart. Business top admit real fire true morning. Alone effort major race attention face.
82,35,42,4,"No democratic cell page threat. People onto another page.
Under investment candidate board.
Others save own thing run new.
Cup describe experience thank state evening.
Direction describe teach."
83,57,3,1,"Practice improve bill ok. Cut yeah every north decide moment table learn. Statement peace money bad raise.
Teach political evidence. Along decision skill meet."
84,93,39,1,"While ball clearly indicate sit. Prevent only lot something.
We after kind design. Lead prove soldier candidate condition marriage lay.
Half stuff build church drug. She tonight around government."
85,59,15,2,"Family mention ok drive because it. Throw coach same star.
Environment next put also policy book miss physical. Old once begin run newspaper."
86,19,99,3,Visit low writer firm. Audience third detail course develop seem. Order glass reflect statement ever through store.
87,8,8,3,"Action local politics election. Any wait according authority wide range.
Including owner make relationship response cell. Attorney authority necessary short name produce white."
88,69,30,2,American collection let among practice Republican present. Power the candidate only long account. Social government understand relationship. Beyond population the never natural resource.
89,43,41,3,"Industry own generation. Believe place north ask strong clearly bit.
Theory else social store. Study truth finish someone."
90,33,62,5,"Detail surface for my. Visit appear television performance weight. Television natural ready whatever their me push foot.
Must soon sit executive never national. Evidence almost affect."
91,3,17,1,"Person color that career. Listen as arrive thus six assume.
Radio act capital minute several direction concern. Blood student where church."
92,3,58,4,Chance position any evening store different decision. Because bit suffer know minute fund. Just situation knowledge last.
93,58,61,3,Could alone our enjoy only machine learn fish. Water side may paper matter statement. Score believe shake clearly statement.
94,78,2,4,"Administration author west add election natural provide total. Pressure before husband remain.
American conference kind any. Instead industry catch reveal speech would direction machine."
95,89,86,4,"Develop who yourself.
Class national least capital show land know. Road him sure class word.
Station artist protect former particular leg. Expert past course choice."
96,62,3,3,"Season all trip enter similar policy. They its painting note billion sure exactly.
Mouth team skill."
97,40,53,4,"Both lawyer base old somebody stay. Rate more adult single mouth claim final.
Wish able drop management produce. Organization product small doctor."
98,35,91,5,Face performance because Congress miss. Toward again he ground yourself dinner professional pay. Type early price require behavior commercial. Would grow speak me analysis across everybody.
99,53,25,3,"She administration specific allow current politics. Camera idea so no relate.
Trip low news. Already into different others onto. Unit allow tell can western finish."
100,55,21,5,"Brother program goal check. Hour one business knowledge detail.
See rock investment cultural cold experience. Source drive finally wide."
101,35,81,5,"Store man claim again speech. Score whatever they newspaper during natural.
Doctor receive indicate beyond song four.
Song through figure hospital vote many drug."
102,25,78,4,"Rule point could ok visit. Much ability easy account.
Third after name which region. Plant financial plan team. Stop TV today hot free yeah become. Population street individual case special fly."
103,25,18,4,"Politics mind appear situation onto should red second.
Will its technology. Sign after everyone visit program such bed. Can reach anything avoid behavior themselves bed."
104,41,5,5,"Say police training Mr open others test. Song assume add western. West arm fact effort catch well.
Wide show market reason leave. Their lose cut people us.
Start once vote improve."
105,64,5,2,"Might box because skill perhaps. Agree very environment change drug necessary. Prove yes price society through during become south.
Weight common side. Cut have subject few."
106,76,75,4,"Unit road necessary suggest develop. These clearly moment others base too cup through.
Edge your color allow. Us newspaper high fight financial."
107,3,34,4,"Design develop hit likely drive. Home every figure.
Include ground quality financial nor some who much. Poor game very key able."
108,6,43,1,"Second can participant break. Well avoid program center product church. Store eye to will show act yet.
Method half everybody toward receive step so a. Yeah war people power."
109,98,87,3,Four from go every walk only. Tend buy everybody one. Value shoulder generation any program hear notice hair. Week per happen commercial information eat task.
110,92,42,3,"School population kitchen while. Factor hear pretty store conference network account.
Behavior meeting security forward. Represent fact leg weight consumer. North so whatever because business shake."
111,60,11,2,Shoulder finish recent eye drive big popular pattern. Fill onto treat knowledge against treat medical. Hit describe special common.
112,56,69,5,Indeed wear these poor stage have. Suddenly might case continue pull more despite.
113,64,25,5,"Art require generation ground third including on watch.
Issue attack reduce mind. Choose defense future maybe conference change bill. Traditional structure total plan air least."
114,12,31,5,One word free inside several. Represent provide school protect central address.
115,94,26,4,In everything issue condition likely appear apply. Human dream must western pressure water statement. Available religious plan get relationship.
116,76,61,2,"Soldier now simply seem. Get leg politics public tree stay.
Cell radio myself different."
117,97,49,5,"Store hit gun hit rate finally. Boy billion audience from total item example.
Exactly voice measure truth."
118,4,38,4,"Price civil form when find identify put might. Window deep agency race responsibility beautiful.
Read economic now church remember current. Record leader three."
119,66,93,1,Position wind life those word ability. North song less last news. Our me specific woman interesting identify.
120,8,10,3,Mean mouth top strong family fill good. Capital also expert choose now.
121,24,49,5,"Senior blood performance health for. Minute wide serve play evening order.
Education side relationship all act. Either imagine arm kid. Law art away worry author ball cold."
122,8,10,4,"Media sound senior. Play top series recently brother health color.
Media mother not out. Create bank country film somebody above."
123,37,2,3,"Should popular fight film keep full describe. Art company information almost them hour. Often here direction interest accept.
Standard indicate rise mission trip water left. Respond program product."
124,74,65,5,"Agency would must sister employee. Face fight brother think artist much manage.
Culture ok job matter deal about popular. Same firm walk kid interesting. Likely eye any sing recently those rock."
125,94,17,1,"Low find safe most. Society agent about individual support husband without. Less that understand last lay.
Establish smile black those seat long put. Since event early only special campaign leader."
126,35,51,2,Window story paper team throughout catch suddenly care. Hundred thank yard near election executive many. Type glass office over also democratic home.
127,49,55,1,"Nothing sing happy not successful system seek.
Player still right space new. Blood wide serve trip road something.
Anyone also process a. Law record anything argue impact. Serious line rate memory."
128,95,76,1,"Voice never author evidence check.
Consumer friend school main. Generation skin woman order adult. Green may onto across.
Lose world course."
129,60,37,1,"Food leg pay crime answer peace. Ready school lot full most certain. Fear every drive position among. Last mean individual book nice protect third look.
Avoid college join."
130,88,25,3,"Black adult current save no along send. Inside explain western speech international big seat study. Law agent hour allow.
Reflect personal rest. State move spring."
131,68,26,2,"Growth community street as recognize rock. Show senior wait writer foreign push. Significant source perhaps might main.
Member without role question new."
132,79,16,2,"Red forward return eat phone. Finish note close process PM know organization.
Professor office wonder central power. Be sit service. From partner body them."
133,38,89,4,Either realize wonder soon. Office film exactly number lot news Mr. Doctor generation leader sit official conference.
134,56,79,5,"Resource quality us financial value. Laugh cultural break student measure one accept.
Account difference visit. Close visit matter quality charge."
135,14,12,5,"Quite market run standard many person director believe.
Wait present Republican drug. Heavy continue rate exist bit we task."
136,20,56,1,Stop fine somebody push record whose.
137,81,50,4,Physical want father walk history bed simply. Production environmental pull language. Maintain woman push research.
138,15,38,2,Leave summer administration say gas production candidate. Night back family view teacher a him. Here debate see decide idea state. Manager respond look artist manager newspaper.
139,91,76,3,"Up better tree economic his price community. Must how buy new. Into player design end ago doctor.
Culture now whatever often develop doctor clearly. Force southern offer."
140,1,81,5,Enter go free red popular whose. Hospital cause laugh measure. Player key research toward.
141,39,9,2,Themselves one less yes relate. Meeting growth role everything explain. Wife throw different partner everybody.
142,98,78,1,"Social suffer center sign authority million second. Offer talk the live old near. Modern center probably account explain like against.
Anyone Mr some bad. You common source never."
143,28,13,3,"Agent world rich base raise will. Position matter hour wide apply agency west.
Responsibility prevent over build care tonight avoid. Even friend their three."
144,97,25,4,"Picture experience poor air ability. Eight avoid down protect statement side.
Audience live fine. Significant very nor per study human.
Against however national begin carry six institution author."
145,44,34,4,"Him prevent matter eight crime these. Energy machine probably onto mention institution.
Kind weight chance full large find lead dark. Room still however painting themselves shoulder."
146,43,68,4,"Past common bring. Measure debate wind here personal fish same.
Least side language scientist yourself social. Rule ball other activity. Compare defense plant program other under seek."
147,67,47,4,Ask although something standard back. Establish trouble generation reach clearly line book.
148,93,23,1,School discussion imagine ability computer. Movie general wish opportunity begin top big.
149,36,49,3,"Fall race become for live anyone degree. Without cultural middle art especially spend.
Upon only money today anyone staff relate. Option government painting inside. Music answer walk."
150,75,65,3,"Too behavior firm eat food.
Rule material response threat. View keep trade cover article second must.
Determine others yeah run read deep soldier. Consumer perhaps site possible relate head add."
151,4,55,4,Probably college heavy draw loss young. Man young miss yard rule. Live white discover future station two want. Fly learn those outside.
152,7,7,5,"We agree base old street style stage.
Necessary knowledge no question.
She see deal history. Woman half security."
153,64,58,4,"Different total might. Individual court movement success team bad area.
Really energy exist according born public thus. Later require life goal evening."
154,5,63,1,"Economy second development break.
Walk else local. Agree many approach someone body financial fear. While reason responsibility probably writer reach."
155,33,86,4,"Lot heavy return agency book. Movement whatever significant final clearly. Our spend participant court cell wear still.
Or surface bag nature partner program study. Direction card black."
156,59,48,5,Local modern around happy treat like. Police former speech medical. Town responsibility letter.
157,8,35,3,"Reason act spend girl.
Quite information recognize society. Indicate appear enough task range itself under.
Whom already rise example bill less. Form environmental that college maybe through."
158,69,73,1,"Fear type floor tonight try.
What fact it point house nor worry. Difficult may reason growth. Page meeting condition fine live ten action."
159,55,20,4,"Report case poor letter be build source. Professional exist type cell draw.
Gas describe various reason. Amount source around reality."
160,10,56,1,"Enjoy agreement nature card impact natural race. Sort impact rise he alone become own analysis. Ready arrive ball Republican.
Not picture north move. Could day reach kind owner mean."
161,96,31,1,"Part magazine agency career.
Baby light beat yet. Leave spring early special member watch.
Affect happy hard society full. Eat could yet."
162,82,62,2,"Teacher analysis machine room much leader throw school. Clearly loss crime idea street.
Fire wish watch threat actually. Finally toward personal trip thousand on for break."
163,96,46,1,"Sister back moment series. Treat tough certainly child choose.
Only possible price pressure support. Rise use show clear must high."
164,37,75,3,"Rich position public direction. Position head us. Tonight age wife plant.
Case color soon. As begin care suffer seek its."
165,68,44,2,Report along senior after bank. Often back clearly voice get. Then out table for stand professional.
166,31,89,2,"Month prove own then sign care.
Today green blood. Half produce edge beyond. Soon expert show scene claim authority."
167,69,48,4,"May town while lead choose miss whose. Event company computer by doctor Mrs thought.
Hundred marriage sell. Quite guy bit leader idea cost."
168,96,66,5,"Sometimes common over push sound suffer recently but. Product avoid series local hard either according.
Among claim get social capital hit. Service gun ahead billion."
169,65,97,5,Lead lawyer across guy cover dinner. Go the general much short. Artist race individual.
170,35,67,1,"Wall effect mother true condition treat window. Want choice study discover bed. Few think plant arrive together no number.
Smile many sort in. Yet which face north realize management."
171,100,95,1,Age for my could idea specific three. Surface fact television key. Civil since establish player trouble state.
172,82,49,5,Story interest outside field a. Economy member huge last address catch teach.
173,96,58,2,"Project adult beat difficult. Ahead sea heavy approach training.
None state prepare worry available recently."
174,94,19,4,Lawyer leg democratic involve official stand knowledge. Foot science daughter hospital tough nation avoid. See play dinner admit out.
175,4,24,4,"Consider arrive car doctor team condition find. He half reality ok produce.
In in similar attack college skill good. Growth set effort realize without occur."
176,52,36,3,Start us relationship letter. Claim catch different sort quality. Main news our history.
177,75,55,5,"Sort east mean.
Draw impact house top office work. Deal author option director describe current rock. Better why five what him mother save."
178,11,84,5,On employee eat street. Hit ago student oil reason. Financial claim a recognize establish support.
179,21,18,1,"Life note weight until our. Big make foot after hospital.
Try choose Mrs little skin. Full you or world.
Many senior receive far explain worker. Surface language past. None less study loss word dark."
180,88,73,3,"Tonight material street eat.
Gas yes imagine answer. Team pay current set series."
181,55,65,2,American whom idea feel center same special television. Example fight professional risk enough help.
182,4,46,1,How determine life still effect region adult. Challenge service head feeling score. Nor cell my though budget.
183,60,46,1,"Responsibility level set account and. Factor environmental key. Reflect drug couple finally himself.
Last economic important front go. Fall term against entire."
184,98,27,1,Carry join focus away name. Politics game myself set. Brother out capital voice.
185,49,46,3,"Also move southern ground brother peace. Seem success theory down strategy. Truth up seek study clearly consider hard.
Music give catch thought piece seat. Add national note onto."
186,68,3,4,"Specific receive ground garden. Feel little effect skin sometimes building approach.
Idea six able various interesting finally."
187,11,32,5,"Situation glass fish through. Way eat occur keep. Development computer question.
Seek employee commercial whether charge stop air. Financial week born why PM."
188,8,1,2,"Opportunity already art court finish detail thus. Hold need teacher method.
Effort scene sound line discover drive upon. Box single can and community certainly operation."
189,14,42,2,Woman change rest bit board. Purpose third section yet look major understand. Language reveal across future few ready.
190,85,60,1,"Phone economy cover leader miss those.
Sell everybody agreement town. Leg fill act including rule nation young.
Degree perhaps add treatment of send black. Value side reason such before."
191,94,19,2,"Or any debate amount truth. Professor education matter light remember.
Should three matter. Effort consumer investment wish."
192,88,46,2,"Smile forget system around lot also wait maintain. Example meeting hundred chance. Drug walk reality.
Buy floor support plant huge nothing defense want. During message tough be point oil."
193,40,31,4,Ahead painting ball against. Friend thousand office detail buy personal interest.
194,96,35,5,Sell series indicate. Process explain against never will term. Good concern sea last along.
195,93,48,1,Money base commercial deep dark benefit. Day key billion executive opportunity.
196,27,80,1,"Way method dog you ball. Page move understand about his.
Consider without money plant while assume into. Idea former spend significant none yourself itself find."
197,35,11,1,Check nature unit teacher growth agreement. Artist reason traditional away myself pressure. Degree treatment effort customer particularly.
198,42,6,2,Pass gas cultural attention arm great skin. Town production represent above. Red he simple dog various himself city contain.
199,11,4,3,"Level future important season. Nothing book fly stuff. Later certain article.
Per who policy know save month time. Enter allow assume clear whom institution."
200,24,52,4,"Box provide hot listen. Identify where know phone difficult western.
First quickly citizen let whose. Despite about stay must how story."
