id,name,email,address,phone
1,Elizabeth Duarte,isaacwaller@example.com,"048 Garcia Walk
Port Jeffrey, MD 13695",832-636-8250x0576
2,Timothy Taylor,browndavid@example.org,"83781 Harris Ports
Catherinefort, WI 19450",703.852.4260
3,Bradley Green,lindamorris@example.org,"5735 Sharon Pine Suite 255
New Olivia, PR 40291",+1-493-833-1006x292
4,Parker Travis,keithowens@example.com,"405 Wong Track Apt. 053
East Joseph, FL 21100",+1-435-957-7218x4181
5,Gary Larson,lindamiller@example.org,"4051 James Ridge
South Pamela, KS 25624",001-428-723-0020x982
6,Heather Stevens,maxwelldeborah@example.net,"3107 Jessica Dale Apt. 432
Arnoldfort, OK 50208",(334)344-9841x4116
7,Austin Ruiz,rachel80@example.net,"971 Harris Plains
Hillville, FM 84338",392.395.3809
8,Courtney Johnson,amberbrown@example.net,"4378 Devon Club Suite 093
Higginsfort, GA 57993",377.815.8215
9,Jason Ross,rodriguezbrian@example.net,"0457 Brandon Junctions Suite 947
Lake Renee, NM 10135",8662774307
10,Allen Moreno,kathy56@example.org,"529 Christopher Dale Suite 569
Traceyburgh, NE 78185",001-478-391-1915x571
11,Brianna Nguyen,owensaaron@example.com,"3681 Charles Prairie Suite 796
North Allen, OH 21767",671.377.8947x6671
12,John Petersen,hlittle@example.net,"4988 Chad Alley
Omarville, NC 43496",001-525-983-2491
13,Rebecca Taylor,oberry@example.net,"7246 Alisha Stream
Caitlynfort, MP 49286",439.539.9578x517
14,David Pacheco,kennethreynolds@example.org,"8765 Victor Pike
New Kennethchester, MT 95253",+1-337-949-1159x7222
15,Katie Baker,christophervalentine@example.net,"763 Johnson Port Suite 347
South Margaretville, PA 96386",+1-359-202-3852
16,Rebecca Davila,zmartin@example.org,"32541 Prince Crest
Suzanneland, NM 52216",+1-744-564-4146x30103
17,Kaitlyn Morrison,paulaclark@example.com,"86666 Joseph Island
Osbornemouth, MA 46365",001-638-530-8750x7329
18,Amy Thomas,hmills@example.com,"Unit 3304 Box 9474
DPO AE 07945",+1-788-918-1666x8952
19,Jonathan Clark,michellehernandez@example.net,"889 Amber Lights
South Thomas, OH 28595",+1-204-301-9250x16040
20,Patrick Fisher,donna83@example.org,"54212 Fernandez Trafficway
Jacquelineborough, CO 02617",511.315.6027x5770
21,Christopher Turner,vasquezwendy@example.org,"1350 Anderson Spurs
Paulbury, AK 39553",001-865-388-3153x370
22,Kimberly Jones,hromero@example.org,"0381 Lisa Expressway Suite 851
Barbarastad, WA 85505",+1-334-887-1489x4724
23,Jimmy Adams,jacksonsuzanne@example.org,"16957 Nichols Villages
Walkerview, TN 98720",(376)582-4030
24,Charlene Lambert,lance73@example.net,"02409 Mooney Fork Suite 482
Nicolechester, MI 04267",2263442529
25,Sydney Wilson,laurawhitehead@example.net,"Unit 7797 Box 0746
DPO AE 48616",8416515349
26,Carly Fisher,nina81@example.org,"USCGC Green
FPO AA 81780",(576)792-7494
27,David Torres,robert90@example.com,"20192 Smith Square
Janetshire, MT 41374",423-849-6317x831
28,Jordan Sanders,jasontownsend@example.org,"059 Erik Lake Suite 205
South Taylor, MD 32492",9706298441
29,Shannon Chen,benjamin42@example.com,"1587 Michael Rapid Apt. 885
Lopezfurt, MD 75863",7515248047
30,Richard Brown,christopherstrong@example.org,"75232 Holmes Shores
Christopherton, DE 96950",001-691-234-9716x251
31,Alicia Joseph,elizabethwebb@example.net,"65915 Smith Course
Kristinaview, VT 39539",3515651377
32,Michelle Smith,emilythompson@example.com,"5015 William Expressway
Petersenton, MI 46781",899.914.1772
33,Steven Hunter,williamsherman@example.net,"31302 Margaret Junction
Destinyland, HI 68219",452-726-2188x5793
34,Tasha Lewis,joshua37@example.net,"482 Christopher Crossroad Apt. 085
East Kristinberg, IA 80712",(448)283-5781x5201
35,Megan Stanley,danielfields@example.org,"494 Bernard Forge Suite 318
Youngburgh, KY 29081",(616)610-6731
36,Jacob Richardson,erin21@example.org,"239 Melendez Summit Apt. 783
North Anthony, NH 33424",9588388125
37,Joseph Williams,davidevans@example.org,"3674 Phillips Manor
Port Ashley, VT 04186",656-574-1759
38,Angel Wagner,smithtiffany@example.net,"067 Valerie Cliffs Suite 327
North Justinville, MH 36129",987-456-8084
39,Rebecca Dillon,ophelps@example.net,"PSC 2595, Box 8338
APO AA 93981",001-421-743-6040x68390
40,Bruce Martinez,william29@example.com,"9811 Kevin Loop
New Sheilamouth, KY 85498",(314)711-1710x88979
41,Ashley Rodriguez,williamskimberly@example.com,"4817 Thomas Extension Suite 434
East Crystalfurt, LA 69329",001-329-905-7487x286
42,Melinda Weber PhD,kbaker@example.com,"6249 Parker Islands
North Terri, GU 60638",(948)379-4849x3900
43,Marie Thomas,matthewmiller@example.com,"PSC 1904, Box 2043
APO AP 01615",679-569-2005
44,Robert Mckee MD,arodriguez@example.org,"44306 Garcia Inlet
Lopezfort, NJ 95127",333-257-2762
45,Amy Palmer,wilsonkevin@example.org,"9581 Marshall Street
Grahamtown, AK 48783",6683231957
46,Laura Black,garciabrandon@example.net,"1201 Cook Ramp
Tiffanyfort, NE 26443",464.221.8419x52524
47,Heather Novak,umartinez@example.net,"25401 Amanda Inlet Suite 881
Bethside, KY 15453",001-686-485-3663x88590
48,Daniel Hardin,cathymcgrath@example.net,"15275 Logan Bypass
South Frederickland, OK 74229",459-385-9172x2689
49,Tammy Snyder,smorales@example.com,"440 Atkins Drive
Floresland, NH 51681",838.567.5682
50,Amber Watts,wwatson@example.org,"6684 Justin Knolls Suite 555
Rebeccaburgh, WA 19282",+1-851-535-3850x84277
51,Antonio Bennett,ztownsend@example.org,"946 Green Crescent Suite 925
Lake Kristin, NE 11928",562-668-7029
52,Christopher Ray,russelltracy@example.net,"900 Scott Village
West Kevinborough, OR 01574",(204)569-1648x234
53,Eugene Perez,morgantyler@example.com,"65196 Gary Loop
Stephenston, MI 11221",9709411883
54,Kevin Thompson,joneskrystal@example.com,"316 Robert Locks
Johnborough, AR 67241",828.511.2574x27627
55,Tina Hardy,andersenstacey@example.org,"7547 Greene Summit Suite 208
North April, SC 60520",(459)570-9231x5242
56,Edward Spencer,spencer74@example.com,"USCGC Reese
FPO AE 92964",562.378.3380
57,Chris Fischer,mclaughlintaylor@example.com,"0648 Hill Roads Apt. 117
Angelamouth, MI 80912",+1-753-577-4788x444
58,Sandra Gamble,dgarrett@example.net,"Unit 4258 Box 5587
DPO AA 48708",(223)730-4896x316
59,Derrick Wood,bcruz@example.org,"51134 Jennings Union
Higginsbury, PW 78830",(869)298-2654x3229
60,Todd Bird,matthew68@example.com,"099 Murray Rue Suite 897
South Joshuaville, WY 98995",+1-406-756-5987
61,Colleen Bowen,jessicabrown@example.org,"36516 Patricia Plaza
North Katherinemouth, TX 95915",+1-962-984-7096
62,Shari Sanchez,allisonmoore@example.org,"01250 Audrey Hollow
Port Cindy, AR 65833",001-842-929-0747x23488
63,Monica Marshall,marilynperez@example.com,"91202 Victoria Port Apt. 800
South Mary, NV 82155",407.334.2684x00062
64,Gina Pierce,jeffery45@example.net,"1659 Hanna Turnpike
New Kimberly, DE 15511",(210)546-3435
65,Jodi Lopez,bergshawn@example.com,"01186 Edwards Plains
West Amyhaven, HI 79540",(540)709-4890x28476
66,Michael Carson,xvincent@example.com,"918 Anthony Burgs Suite 875
Kennethshire, MP 19845",+1-366-823-9177x7588
67,Jennifer Moreno,ngonzalez@example.net,"5190 Luke Wells Apt. 425
West Christopher, KY 26287",+1-599-367-5795x5082
68,Mary Smith,michael57@example.com,"USNV Hardin
FPO AP 52428",689.845.8943x7758
69,Jessica Griffin,mary97@example.org,"08384 Michelle Island Apt. 022
Karenchester, SC 63308",902.573.3701x899
70,Juan White,sjackson@example.org,"Unit 0905 Box 1770
DPO AA 92790",(359)348-1012x191
71,Dr. Steven Mcguire Jr.,kingcharles@example.com,"358 Katie Manor Suite 581
South Julia, NJ 10707",678.424.9050
72,Allen Gomez,kcuevas@example.net,"1717 Kimberly Port
New Kari, WV 41411",001-950-864-9273x9187
73,Jennifer Raymond,xwheeler@example.org,"488 Brown Mills Suite 064
Jasonhaven, VI 54450",+1-358-748-8706
74,Emma Lawrence,david37@example.com,"9606 Christine Islands Suite 508
South Glendamouth, AR 19681",+1-807-730-5721x08773
75,Joseph Lopez,alecmcclure@example.org,"13497 Morales Mall Apt. 674
Jocelynberg, MS 36337",6665955416
76,Robert Davidson,jamesjessica@example.org,"0551 Amanda Mission Apt. 458
East Waynemouth, MN 89658",518.376.9443x45756
77,Kimberly Horton,amy97@example.net,"24028 Breanna Crossroad
South Paula, KS 21564",(468)882-6843x29890
78,Barry Taylor,andrehicks@example.org,"78555 Brandon Turnpike Suite 343
East Staceymouth, UT 59485",+1-847-642-1732
79,Tammy Mendoza,thompsonnathan@example.com,"USCGC Bishop
FPO AA 09311",+1-638-861-6417x9524
80,Rebecca Ray,ygay@example.com,"0829 David Prairie
West Lindaton, CO 11111",292-301-6859x3257
81,Paul Myers,gina00@example.com,"55535 Le Pines Apt. 034
East Cynthia, OH 78289",3573593591
82,Dustin Kennedy,mwyatt@example.net,"Unit 6504 Box 3356
DPO AA 56662",704-977-7089x71663
83,Kaylee Young,susan14@example.net,"6530 Marc Parkways
Port Kyle, AZ 39606",(331)987-3673
84,Nicholas Jackson,clairewatson@example.org,"0414 Solomon Extensions Apt. 111
Johnsonton, OR 91510",(827)808-8103
85,Larry Hanson,owilson@example.net,"391 Sonia Flat
North Jacobshire, OK 16592",882-255-6843x8258
86,Brittany Roberts,fsanchez@example.net,"572 Tucker Landing Suite 042
Snydertown, AS 02293",877-215-7367
87,Jonathon Walker,maryhernandez@example.net,"19615 Morrison Manors Apt. 656
Stoneshire, DC 70881",232-968-9119
88,David Carey,jaredjohnson@example.org,"PSC 6969, Box 0563
APO AP 09965",(668)694-3179x7016
89,Nicholas Wilson,hunterscott@example.com,"0611 Jose Crossroad
Changport, MT 06812",(643)921-0588
90,Aaron Moore,lburgess@example.com,"645 Matthew Ford Apt. 684
Port Josephshire, TX 89830",+1-764-952-1518x0494
91,David Sanders,joneskaren@example.com,"438 Boyd Islands Suite 968
South Antonioville, WA 39622",+1-611-910-6886x13594
92,Courtney Riley,bennettrobert@example.com,"416 Michael Forest Suite 206
West Robertport, WA 96410",720.707.9130
93,Katelyn Armstrong,qmunoz@example.net,"0679 Henderson Wells
Figueroaborough, MS 99022",(378)619-1162x8271
94,Donna Dalton,michelle16@example.org,"31988 Anthony Corner Suite 192
New Matthew, NJ 81803",903-509-7667x6982
95,Derrick Juarez,margaret05@example.com,"369 Jennifer Hills Suite 327
Thomasport, GU 12492",600.493.5574
96,Ryan Guerra,robert83@example.com,"284 Hobbs Place Suite 321
Port Stephanie, WA 08012",8787775540
97,Justin Young,psmith@example.net,"4930 Keith Wells Suite 409
New Austinside, PR 07536",907-988-2911x2471
98,Ernest Guerrero,marie01@example.net,"095 Beth Road
Lake Phillip, VI 70306",(849)492-1425x7210
99,Gabriel Randolph,santoseduardo@example.com,"850 Michael Grove
Madisontown, NH 35045",001-735-236-4289x0733
100,Cody Barnett,diazmaria@example.net,"9648 Andrea Lodge Apt. 807
Leeton, NM 45836",+1-537-473-3218
